[
    {
      "id": 1,
      "title": "Linkbuzz",
      "url": "https://weather.com",
      "description": "Proin interdum mauris non ligula pellentesque ultrices. Phasellus id sapien in sapien iaculis congue. Vivamus metus arcu, adipiscing molestie, hendrerit at, vulputate vitae, nisl.",
      "author": "Jenkins, Blanda and Ferry",
      "creation_date": "1616250019000",
      "explicit": true,
      "quality": 53
    },
    {
      "id": 2,
      "title": "Skyba",
      "url": "https://kickstarter.com",
      "description": "Phasellus in felis. Donec semper sapien a libero. Nam dui.\n\nProin leo odio, porttitor id, consequat in, consequat ut, nulla. Sed accumsan felis. Ut at dolor quis odio consequat varius.",
      "author": "Cole Inc",
      "creation_date": "1629399755000",
      "explicit": true,
      "quality": 23
    },
    {
      "id": 3,
      "title": "Yadel",
      "url": "https://redcross.org",
      "description": "Proin eu mi. Nulla ac enim. In tempor, turpis nec euismod scelerisque, quam turpis adipiscing lorem, vitae mattis nibh ligula nec sem.\n\nDuis aliquam convallis nunc. Proin at turpis a pede posuere nonummy. Integer non velit.\n\nDonec diam neque, vestibulum eget, vulputate ut, ultrices vel, augue. Vestibulum ante ipsum primis in faucibus orci luctus et ultrices posuere cubilia Curae; Donec pharetra, magna vestibulum aliquet ultrices, erat tortor sollicitudin mi, sit amet lobortis sapien sapien non mi. Integer ac neque.",
      "author": "Quigley and Sons",
      "creation_date": "1627186765000",
      "explicit": true,
      "quality": 53
    },
    {
      "id": 4,
      "title": "Blogtag",
      "url": "https://biglobe.ne.jp",
      "description": "Aenean fermentum. Donec ut mauris eget massa tempor convallis. Nulla neque libero, convallis eget, eleifend luctus, ultricies eu, nibh.\n\nQuisque id justo sit amet sapien dignissim vestibulum. Vestibulum ante ipsum primis in faucibus orci luctus et ultrices posuere cubilia Curae; Nulla dapibus dolor vel est. Donec odio justo, sollicitudin ut, suscipit a, feugiat et, eros.",
      "author": "Hyatt, Dibbert and Beahan",
      "creation_date": "1642505057000",
      "explicit": false,
      "quality": 81
    },
    {
      "id": 5,
      "title": "Skiba",
      "url": "http://issuu.com",
      "description": "Pellentesque at nulla. Suspendisse potenti. Cras in purus eu magna vulputate luctus.\n\nCum sociis natoque penatibus et magnis dis parturient montes, nascetur ridiculus mus. Vivamus vestibulum sagittis sapien. Cum sociis natoque penatibus et magnis dis parturient montes, nascetur ridiculus mus.",
      "author": "Homenick Group",
      "creation_date": "1624316340000",
      "explicit": true,
      "quality": 9
    },
    {
      "id": 6,
      "title": "Mynte",
      "url": "http://scientificamerican.com",
      "description": "Duis bibendum. Morbi non quam nec dui luctus rutrum. Nulla tellus.",
      "author": "McDermott Group",
      "creation_date": "1639436539000",
      "explicit": false,
      "quality": 57
    },
    {
      "id": 7,
      "title": "Kanoodle",
      "url": "http://nih.gov",
      "description": "Duis bibendum, felis sed interdum venenatis, turpis enim blandit mi, in porttitor pede justo eu massa. Donec dapibus. Duis at velit eu est congue elementum.\n\nIn hac habitasse platea dictumst. Morbi vestibulum, velit id pretium iaculis, diam erat fermentum justo, nec condimentum neque sapien placerat ante. Nulla justo.\n\nAliquam quis turpis eget elit sodales scelerisque. Mauris sit amet eros. Suspendisse accumsan tortor quis turpis.",
      "author": "Hodkiewicz, Haley and Berge",
      "creation_date": "1641721739000",
      "explicit": true,
      "quality": 77
    },
    {
      "id": 8,
      "title": "Youbridge",
      "url": "http://nasa.gov",
      "description": "Morbi non lectus. Aliquam sit amet diam in magna bibendum imperdiet. Nullam orci pede, venenatis non, sodales sed, tincidunt eu, felis.\n\nFusce posuere felis sed lacus. Morbi sem mauris, laoreet ut, rhoncus aliquet, pulvinar sed, nisl. Nunc rhoncus dui vel sem.",
      "author": "Yundt-Upton",
      "creation_date": "1642483677000",
      "explicit": false,
      "quality": 65
    },
    {
      "id": 9,
      "title": "Gigabox",
      "url": "http://nature.com",
      "description": "Pellentesque at nulla. Suspendisse potenti. Cras in purus eu magna vulputate luctus.\n\nCum sociis natoque penatibus et magnis dis parturient montes, nascetur ridiculus mus. Vivamus vestibulum sagittis sapien. Cum sociis natoque penatibus et magnis dis parturient montes, nascetur ridiculus mus.",
      "author": "McGlynn-Beahan",
      "creation_date": "1627488403000",
      "explicit": true,
      "quality": 64
    },
    {
      "id": 10,
      "title": "Dynabox",
      "url": "https://imageshack.us",
      "description": "Curabitur in libero ut massa volutpat convallis. Morbi odio odio, elementum eu, interdum eu, tincidunt in, leo. Maecenas pulvinar lobortis est.",
      "author": "Dare, Lowe and Reinger",
      "creation_date": "1615300923000",
      "explicit": false,
      "quality": 87
    },
    {
      "id": 11,
      "title": "Kare",
      "url": "https://indiegogo.com",
      "description": "Vestibulum ac est lacinia nisi venenatis tristique. Fusce congue, diam id ornare imperdiet, sapien urna pretium nisl, ut volutpat sapien arcu sed augue. Aliquam erat volutpat.",
      "author": "Powlowski and Sons",
      "creation_date": "1644786052000",
      "explicit": true,
      "quality": 25
    },
    {
      "id": 12,
      "title": "Reallinks",
      "url": "https://moonfruit.com",
      "description": "Suspendisse potenti. In eleifend quam a odio. In hac habitasse platea dictumst.\n\nMaecenas ut massa quis augue luctus tincidunt. Nulla mollis molestie lorem. Quisque ut erat.\n\nCurabitur gravida nisi at nibh. In hac habitasse platea dictumst. Aliquam augue quam, sollicitudin vitae, consectetuer eget, rutrum at, lorem.",
      "author": "Stroman, Fay and Herman",
      "creation_date": "1633961973000",
      "explicit": false,
      "quality": 22
    },
    {
      "id": 13,
      "title": "Quaxo",
      "url": "http://imdb.com",
      "description": "Pellentesque at nulla. Suspendisse potenti. Cras in purus eu magna vulputate luctus.",
      "author": "Greenfelder and Sons",
      "creation_date": "1637300352000",
      "explicit": false,
      "quality": 6
    },
    {
      "id": 14,
      "title": "Browsezoom",
      "url": "https://altervista.org",
      "description": "Curabitur gravida nisi at nibh. In hac habitasse platea dictumst. Aliquam augue quam, sollicitudin vitae, consectetuer eget, rutrum at, lorem.\n\nInteger tincidunt ante vel ipsum. Praesent blandit lacinia erat. Vestibulum sed magna at nunc commodo placerat.\n\nPraesent blandit. Nam nulla. Integer pede justo, lacinia eget, tincidunt eget, tempus vel, pede.",
      "author": "Swaniawski and Sons",
      "creation_date": "1644246662000",
      "explicit": true,
      "quality": 65
    },
    {
      "id": 15,
      "title": "Jabbertype",
      "url": "http://alexa.com",
      "description": "Cum sociis natoque penatibus et magnis dis parturient montes, nascetur ridiculus mus. Vivamus vestibulum sagittis sapien. Cum sociis natoque penatibus et magnis dis parturient montes, nascetur ridiculus mus.",
      "author": "Altenwerth, Terry and Runte",
      "creation_date": "1619681052000",
      "explicit": false,
      "quality": 15
    },
    {
      "id": 16,
      "title": "Dabshots",
      "url": "https://fotki.com",
      "description": "Etiam vel augue. Vestibulum rutrum rutrum neque. Aenean auctor gravida sem.\n\nPraesent id massa id nisl venenatis lacinia. Aenean sit amet justo. Morbi ut odio.",
      "author": "Leffler-White",
      "creation_date": "1619586995000",
      "explicit": true,
      "quality": 57
    },
    {
      "id": 17,
      "title": "Eadel",
      "url": "http://bbc.co.uk",
      "description": "Integer ac leo. Pellentesque ultrices mattis odio. Donec vitae nisi.\n\nNam ultrices, libero non mattis pulvinar, nulla pede ullamcorper augue, a suscipit nulla elit ac nulla. Sed vel enim sit amet nunc viverra dapibus. Nulla suscipit ligula in lacus.\n\nCurabitur at ipsum ac tellus semper interdum. Mauris ullamcorper purus sit amet nulla. Quisque arcu libero, rutrum ac, lobortis vel, dapibus at, diam.",
      "author": "Hegmann, Dickens and Littel",
      "creation_date": "1618466639000",
      "explicit": true,
      "quality": 96
    },
    {
      "id": 18,
      "title": "Skyba",
      "url": "https://edublogs.org",
      "description": "Proin interdum mauris non ligula pellentesque ultrices. Phasellus id sapien in sapien iaculis congue. Vivamus metus arcu, adipiscing molestie, hendrerit at, vulputate vitae, nisl.\n\nAenean lectus. Pellentesque eget nunc. Donec quis orci eget orci vehicula condimentum.",
      "author": "Beier-Bosco",
      "creation_date": "1640992857000",
      "explicit": false,
      "quality": 83
    },
    {
      "id": 19,
      "title": "Gigazoom",
      "url": "http://livejournal.com",
      "description": "Phasellus sit amet erat. Nulla tempus. Vivamus in felis eu sapien cursus vestibulum.\n\nProin eu mi. Nulla ac enim. In tempor, turpis nec euismod scelerisque, quam turpis adipiscing lorem, vitae mattis nibh ligula nec sem.",
      "author": "Daugherty, Kling and Jaskolski",
      "creation_date": "1637915680000",
      "explicit": false,
      "quality": 94
    },
    {
      "id": 20,
      "title": "Centidel",
      "url": "http://dell.com",
      "description": "Praesent id massa id nisl venenatis lacinia. Aenean sit amet justo. Morbi ut odio.\n\nCras mi pede, malesuada in, imperdiet et, commodo vulputate, justo. In blandit ultrices enim. Lorem ipsum dolor sit amet, consectetuer adipiscing elit.\n\nProin interdum mauris non ligula pellentesque ultrices. Phasellus id sapien in sapien iaculis congue. Vivamus metus arcu, adipiscing molestie, hendrerit at, vulputate vitae, nisl.",
      "author": "Bradtke, Bruen and Wisozk",
      "creation_date": "1641281083000",
      "explicit": false,
      "quality": 69
    },
    {
      "title": "read",
      "id": 21
    },
    {
      "title": "read",
      "id": 22
    }
  ]